Full Name,Address,Position,Company Name,Domain Name
Michael Brown,"6013 Baldwin Points
Jillianstad, MH 14885",Podiatrist,King PLC,foster-pham.com
Ethan Allen,"666 Melinda Ridges Apt. 870
New Shelby, IA 03163",Careers information officer,Arellano-Saunders,palmer-green.com
Joshua Scott,"USNS Hurley
FPO AE 73309",Nature conservation officer,Perez-Wells,baker.info
Mr. Edwin Burke,"27339 Miller Ports Apt. 076
Vincentburgh, NY 97128","Psychologist, counselling","Lawrence, Anderson and Brown",young.biz
Carly Hendrix,"PSC 5229, Box 4622
APO AA 05131",Operations geologist,Parrish Inc,nelson-burton.com
Jesse Gallagher,"9243 Molina Island
Morrisburgh, NJ 96667",Production manager,Lane LLC,allen.com
Sierra Crawford,"2172 James Parkways Suite 137
South Kimberly, KS 70523",Immunologist,Martinez-Sullivan,moore-cole.com
Craig Calhoun,"7215 Rice Underpass
Lukeberg, IA 33409",Primary school teacher,Li PLC,stevenson.com
John Hoover,"46790 Cunningham Key
Floresberg, NJ 04865","Teacher, music",Douglas and Sons,randall-dennis.biz
Todd Cooper,"30885 Cheryl Divide
Johnberg, PA 26019",Retail merchandiser,Chavez and Sons,carpenter.com
Kathleen Rodriguez,"9145 Karl Ports Suite 485
Pinedabury, MP 67279",Writer,"Jackson, Sullivan and Chandler",jones-rhodes.biz
Matthew Ruiz,"4332 Ryan Tunnel
Mendezstad, AS 79669",Audiological scientist,Green Group,evans.net
Holly Burns,"PSC 8163, Box 3571
APO AE 17422",Risk manager,"Lane, Malone and Vance",hernandez.com
Jeremiah Anderson,"USCGC James
FPO AE 08453","Buyer, retail",Porter Ltd,baxter-douglas.info
Cynthia Olson,"059 Nelson Park
Port Karenchester, MA 01713",Public relations account executive,"Aguilar, Baker and Moyer",martin.com
Kristine Simmons,"5861 Rivera Extension
West Benjamin, FL 87188",Arts administrator,Carlson Ltd,richardson-edwards.net
Alexandria Parker,"99665 Rebecca Hill Suite 157
Eileentown, AS 13937","Presenter, broadcasting","Thompson, Love and Hurst",byrd.info
Dana Smith,"950 Patrick Ports
North Andrew, NC 77512","Therapist, art","Cummings, Baker and Zamora",pearson.com
Bradley Smith,"35073 Sarah Haven
South Amandaside, PR 41980",Podiatrist,Key and Sons,graves.com
Veronica Meyer,"87274 Kelli Burgs Suite 422
North Lisachester, NH 95542",Risk manager,Tucker-Johnson,berg.com
Robert Cunningham,"3963 Nelson Well Apt. 741
Donaldchester, LA 50668",Housing manager/officer,Pham-Cooper,martin.org
Terry Fowler,"07442 Smith Village
East Donaldhaven, MN 70880",Music therapist,"Salinas, Mueller and Miller",stewart.biz
Audrey Shepherd,"2086 Thomas Lodge
Lisahaven, NH 56340",Chemical engineer,Williams Ltd,kemp-davis.com
Ashley Wong,"9569 Brian Station
Sabrinahaven, MD 99848",Arboriculturist,Hoover-Baldwin,long.net
Vincent Thomas,"3431 Martinez Corners Suite 767
South Emily, DE 37798",Archaeologist,Lee Group,harris-pham.com
Vanessa Allen,"USS Watson
FPO AP 23801",Training and development officer,Huerta-Todd,giles-turner.org
Ronald Hicks,"997 Kelly Island Suite 098
Paulafort, ME 67384",Publishing copy,Knight-Evans,avila-shaw.com
Amanda Macdonald,"81466 Downs Highway Apt. 361
Clarkfort, IA 67850",Teaching laboratory technician,Martinez-Walsh,martin.com
Lisa Cochran,"0887 Kristopher Course Apt. 703
Port Amanda, CT 58465","Nurse, children's","Johnson, Miller and Boyd",lee.net
Sierra Anderson,"103 Hunter Course
Lake Brendatown, MO 91798",Theatre stage manager,Caldwell Ltd,robinson-becker.biz
Calvin Gonzales,"5865 Saunders Lodge Suite 124
Adkinston, AL 16882",Pensions consultant,Arnold LLC,cooper-sullivan.info
Mary Monroe,"194 Austin Inlet Apt. 640
North Ianberg, MH 22019",Chief Marketing Officer,"Li, Edwards and Orozco",wells.com
Heather Boyer,"244 Dominguez Manor Apt. 351
West Shawnburgh, MP 89332","Engineer, agricultural",Wall-Cooke,carter.com
Julie Ayers DDS,"4516 Timothy Trail Apt. 239
Larsonfurt, IL 10571",Comptroller,Lopez-King,jones-moore.com
David Shields,"Unit 7897 Box 0024
DPO AA 35386",Music therapist,Cruz-Saunders,hodges-mann.net
Janice Stone,"249 Alison Mills Suite 510
Keithmouth, NY 87412",Learning disability nurse,"Kim, Perez and Sutton",hatfield.org
Donna Garrison,"35171 Lisa Motorway Apt. 572
South Robert, ID 03353","Nurse, learning disability","Lloyd, Mcpherson and Villegas",branch-anderson.com
Dakota Jenkins,"3871 Williams Overpass Apt. 603
South Michelleshire, FL 80897",Warehouse manager,"Davis, Collins and Hernandez",murphy.com
Joshua Meyer,"833 Tate Avenue Apt. 988
Lambertberg, VI 67327",Graphic designer,Larsen Ltd,johnson.com
John Fisher Jr.,"USNS Padilla
FPO AA 31069",Haematologist,"Wright, Baker and Tran",banks.com
Kaitlin Wright,"529 Hamilton Village Suite 212
Port George, WI 89659","Designer, ceramics/pottery",Hamilton and Sons,perry-white.net
Gabriela Hanna,"835 Amy Pass Apt. 288
South Sarahport, VT 60645",Community arts worker,Russell Ltd,blevins.com
Nicole Love,"1540 Molina Center Apt. 798
New Rachelberg, IL 81711",Educational psychologist,"Smith, Garza and Guzman",martinez.com
Jesse Freeman,"27596 Kathryn Way
Lake Amy, IA 55659","Engineer, chemical",Thompson-Richardson,barron-spears.biz
Kyle Spencer,"Unit 6388 Box 8990
DPO AP 04953","Research officer, government",Hall Group,gould-jimenez.biz
Ronald Wheeler,"427 Douglas Turnpike
East Cody, NV 56789","Engineer, petroleum",Smith-Jefferson,washington.com
Chelsea Jones,"313 Cook Parkway
Zunigatown, GA 62000",Contracting civil engineer,Walton Group,porter-morris.com
Jennifer Harris,"129 Brown Lodge Apt. 134
New Robert, MN 70676",Fisheries officer,"Lewis, Merritt and Graves",aguirre.org
Teresa Lawrence,"15470 Foley Shore Apt. 004
New Paula, CO 47554",Private music teacher,"Pratt, Castro and Grimes",hill.com
Daisy Walker,"315 Warren Drive
Michaelport, IA 29488",Insurance risk surveyor,"Acosta, Scott and Peck",jackson.com
Destiny Alvarado,"6371 Brandy Vista
Nicholstown, KS 49267",Publishing rights manager,Gonzalez-Williams,perry.biz
Nicholas Wilson,"3791 Ashley Keys Suite 193
East Davidport, UT 81132",Health and safety inspector,"Wright, Lowe and Rush",green-white.info
Daniel Richmond,"1234 Bond Motorway
Lake Jason, CA 63414",Microbiologist,Barajas LLC,fisher.com
Mr. Barry Contreras,"3958 Suarez Drive Suite 630
South Rebekah, PR 61502",Air broker,Garrison Group,williams-valentine.info
Kathleen Myers,"1658 Ramirez Cliffs
Jennifermouth, TN 69835",Applications developer,Anderson Inc,erickson.org
Amanda Dunn,"59090 Penny Spurs Suite 173
Brandiside, FL 88037",Recycling officer,"Harris, Mccoy and Olsen",williams.com
Kayla Sanchez,"65463 Lewis Spring
Lake Andrea, NV 16452","Engineer, petroleum",Robertson-Jackson,smith.info
Brittney Duarte,"343 Jeremy Junction
Rogersmouth, VT 73048",Retail manager,Robertson LLC,sharp.com
Emily Miller,"288 Evans Route
Lake Stephenton, ME 19577",Data processing manager,Cooper-Harding,monroe.com
Debra Bell,"936 Troy Coves
Matthewside, OR 47479",Research scientist (life sciences),"Morse, Campbell and Hoffman",baker.org
Savannah Welch,"2371 Rachael Groves
West Angela, MN 46997",Dancer,Guerrero-Castillo,becker.com
Nicholas Sanchez,"350 Moreno Brooks
South Matthew, OK 00676","Conservator, furniture","Young, Cantu and Jones",bonilla.biz
Mark Ramirez,"935 Butler Centers
Christopherchester, MO 97123",Science writer,Martin Group,robertson.com
Lisa Sanchez,"419 Phillips Ville Suite 756
Douglasstad, RI 69876",Call centre manager,Harper PLC,dougherty.com
Thomas Garrison,"7063 Lucas Lane
Wandafurt, MD 41340",Immigration officer,Munoz Group,spears.com
Roy Ritter,"76909 John Knoll
New John, AS 51581","Education officer, museum",Ingram Inc,thomas-peters.com
Desiree Wright,"353 Amber Fall Apt. 841
West Carrie, KY 13960",Theatre director,Robinson LLC,clements-diaz.com
Cristina Macias,"735 Jones Dale Apt. 032
North Jamesborough, AK 91291","Accountant, chartered public finance",Maldonado LLC,nicholson.biz
Lauren Farmer,"2501 Joshua Curve
Russoville, MT 50017",Higher education careers adviser,"Brown, Rivera and Sexton",wheeler.com
Tyler Lewis,"95144 Johnson Mill
Hudsonside, LA 60334","Surveyor, building control",Richardson Ltd,walker-bell.com
Michael Hernandez,"7791 William Meadows Suite 853
Martintown, NJ 50357",Electrical engineer,York LLC,little-patel.org
Dr. Sarah Houston MD,"614 Lori Knolls Apt. 287
Petersstad, GU 44892","Scientist, clinical (histocompatibility and immunogenetics)","Decker, Wood and Bailey",grant.biz
Nathan Garrett,"48109 Sims Wells Apt. 575
Pennyhaven, NY 25651",Risk manager,"Brown, Colon and West",barker.org
Victoria Martinez,"21148 Edwards Station Apt. 641
Lake Michaelville, IL 57072","Engineer, land",Hunt Ltd,williams-gibson.biz
Vincent Hayden,"5825 Jacqueline Terrace Suite 126
West Troy, AR 26957",Clinical molecular geneticist,Warner-Sanders,gomez-gordon.com
Emily Brown,"30131 Walker Field Apt. 193
Jarvisview, TN 34443",Rural practice surveyor,"Fisher, Hayes and Bush",riley.com
Jaime Anthony,"20487 Ryan Tunnel
North Brandonport, IL 05790","Engineer, automotive","Diaz, Matthews and Richard",mcgrath.com
Christopher Dickson,"9456 John Wells Suite 009
South Brianmouth, AS 17961",Make,"James, Smith and Stone",cochran-mccann.com
Miranda Mathis,"829 Michael Divide
Littlebury, SD 04710","Teacher, music",Hernandez-Bell,cardenas-kim.info
Brittany Krueger,"PSC 0490, Box 5923
APO AA 24203",Merchant navy officer,Harris LLC,gordon.com
Darryl Miller,"6134 Young Centers
West Cassandraburgh, WA 36442",Music tutor,Allen Inc,taylor.com
Stephanie Cook,"84908 Arnold Village Suite 812
Josephshire, NJ 09228",Market researcher,Santana-Mcmillan,young-terry.org
Arthur King,"32854 Martin Run Apt. 877
Matthewton, KY 98086",Building control surveyor,"Ford, Vance and Miles",thomas.info
Nathan Pratt,"859 Elizabeth Lane Apt. 792
Sheilaton, AZ 52850",Product/process development scientist,Robbins Ltd,jenkins-hayes.org
Ms. Tracy Mills,"98581 Mason Overpass
Melissafort, NH 33016","Engineer, manufacturing","Hart, Martin and Harmon",knight-james.com
James Sanders,"8875 Carney Gardens Suite 892
West Anthonyfurt, PW 66652",Forensic psychologist,Garrett LLC,franklin-pitts.info
Katherine Burnett,"876 Adams Glen Suite 231
North Jasonbury, DC 68983","Librarian, public",Doyle-Nguyen,smith.info
Christy Smith,"359 Albert Expressway
Davidstad, MN 84478","Engineer, chemical",Peters-Smith,lozano-garrison.org
Jade Ballard,"0186 Guerrero Way Suite 767
Candacetown, AR 11695",Manufacturing engineer,"Davis, Peterson and Smith",martin.com
Mark Thompson,"99840 James Manor Apt. 584
Hermantown, OK 09059",Music therapist,Mendoza Inc,simpson-stewart.com
Cassidy Hunter,"92131 Paige Cape Apt. 716
Lisaborough, GA 72060","Scientist, biomedical",Stanley-Perry,reynolds-gay.com
Krystal Brown,"62180 Andre Knoll
Angelamouth, WY 40805",IT technical support officer,"Morgan, Jackson and Gilmore",powell.com
James Manning,"665 Kirk Brooks Suite 880
Amyland, GU 20031","Engineer, agricultural",Mcconnell and Sons,welch.info
Katelyn Wells,"1350 Daniel Estates Suite 661
Katherinefort, AZ 56529","Engineer, chemical",Warner Ltd,ferguson.info
Gregory Clark,"47658 Andrea Wall Apt. 440
Lake Katherineview, MI 39836",Maintenance engineer,Edwards-Flores,rose-trevino.org
Eric Cruz,"36942 Browning Falls
Lake James, WY 47662",Arboriculturist,Steele-Tyler,baxter-brown.biz
Gabrielle Martinez,"02294 Cox Path
Masonborough, CT 03815",Dance movement psychotherapist,"Pugh, Howard and Martinez",williams.info
Michael Rush,"051 Barnett Mountain
South Sheila, PW 65976",Firefighter,Williams Inc,ross.com
Jenny Reynolds,"4111 Matthews Valleys
North Karenborough, OH 95886",Energy engineer,"Ashley, Kramer and Walton",jones.com
Anne Rose,"468 Stewart Locks Apt. 442
East Tammyland, ND 31115",Building control surveyor,Davis PLC,johnson-campos.com
Sara Harris,"8836 Washington Light Apt. 253
South Brianside, SC 69913",Field trials officer,Koch Group,gonzalez.com
Carlos Howard,"078 Salinas Fords Suite 172
Ochoaland, VT 30937","Optician, dispensing",Green PLC,cunningham-jackson.com
Lisa Holloway,"00297 Charles Summit Suite 172
Marissaside, LA 56126",Hotel manager,"Becker, Williams and Griffin",rowe-petersen.com
Derrick Hernandez,"85105 Shari Parks
Valerieshire, MA 59325",Outdoor activities/education manager,"Mccullough, Wilkinson and Murray",james-mcdonald.com
Gregory Mcdaniel,"1987 Gardner Shores Suite 634
Justinbury, VA 53107","Development worker, international aid",Scott Inc,parrish.info
Jesus Davis,"54068 Cordova Path
West Lanceborough, LA 74632","Merchandiser, retail",Harris LLC,wilson.com
Theresa Webb,"Unit 5819 Box 4634
DPO AA 23239","Engineer, materials",Baxter Inc,powers.com
Michelle Miller,"270 Lang Highway
Bentonfort, AR 46178","Journalist, magazine",Gibson and Sons,johnson.com
William Williams,"5933 Kim Trace
Farrellhaven, NC 32939","Pharmacist, community",Moreno-Stuart,lewis.info
Kimberly Carpenter,"379 Alexandria Circle
Lake Garymouth, OH 38238",Trade mark attorney,Miller Group,williamson.com
James Sutton,"3123 David Hills
North Gabrielaville, PR 20794","Merchandiser, retail",Smith Inc,chavez.org
Jeremy Soto,"76884 Paula Dam Suite 703
New Michellestad, AK 01821",IT trainer,"Valenzuela, Ortiz and Farley",johnson-hanson.com
Misty Olson,"256 Sims Keys
Marshallhaven, HI 84917",Bonds trader,Beck-Baker,smith-johnson.com
Samuel Park,"43125 Michael Green Apt. 362
Alyssaburgh, OK 81341",Biomedical scientist,"Reed, Smith and Brown",dixon.net
Phillip Sims,"639 Ryan Squares Apt. 248
Eugenestad, WI 02630",Petroleum engineer,Taylor-Shah,wright-smith.com
Tony Wilson,"760 Cannon Neck Suite 963
South Conniehaven, KS 19264","Scientist, physiological","Robinson, Walker and Thompson",wilson.com
Gregory Neal,"1387 Johnathan Road Suite 753
West Jameschester, AK 77458",Retail banker,Miller-Lee,bright.net
Penny Lawrence,"786 Cynthia Islands
Port James, NC 44620",Marketing executive,"Walsh, Hampton and Goodwin",davis.biz
Sarah Miranda,"USNV Farmer
FPO AA 28608",Rural practice surveyor,Kelly and Sons,brady.com
Kimberly Lynch,"733 Morales Loaf
Brownburgh, NJ 11877",Recycling officer,Martin-Taylor,jones.com
Mary Mendez MD,"6757 Amanda Shores Apt. 336
Freyville, TN 46502",Control and instrumentation engineer,Ford-Smith,garcia-lee.org
Jeffrey Wilson,"79132 Jeremy Manors
Edwardsberg, LA 98564",Information officer,Oneill-Smith,shelton.org
Katherine Best,"2581 Devin Throughway Suite 231
Johnnyhaven, SD 89966",Wellsite geologist,"Burnett, Adams and Stone",garza.com
Courtney Rivera,"30926 Micheal Branch Suite 904
Port Richard, IL 69140",Ceramics designer,"Rodriguez, Fletcher and Escobar",burgess-boyd.biz
Danielle Howell,"4543 White Glens Apt. 213
North Anna, GU 84900",Historic buildings inspector/conservation officer,Moran Group,davis-powell.com
Mark Alexander,"407 Jessica Keys
Tammystad, IA 53453","Designer, graphic",Gill Group,houston.net
Bradley Barajas,"31572 Austin Harbors Apt. 414
East Andrew, AS 21914","Engineer, manufacturing systems","Stevens, Gonzalez and Lee",larson.org
Stephanie Clark,"5805 Chavez Extensions Suite 925
West Alexander, CO 26496",TEFL teacher,Davis LLC,lambert.net
Jeremy Moody,"PSC 4080, Box 1942
APO AA 63916","Engineer, water","Thompson, Booker and Moreno",orozco.info
Teresa Morgan,"12737 Samantha Rest Apt. 760
Ramirezton, SD 72051",Youth worker,Johnson Group,evans-smith.com
Holly Meyer,"78483 Miller Squares
Stephenville, NC 59527",Financial controller,"Velasquez, Long and Williamson",hall.com
Katherine Casey,"4859 Pamela Lights
Lopeztown, IL 57917",Animal nutritionist,Larson-Hill,frazier.com
Connor Foley,"41082 Ryan Trafficway Suite 896
Patriciaport, MI 37334",Dispensing optician,Smith Ltd,newman-walker.com
Patrick Stephenson,"892 Green Garden Suite 352
Dillonshire, UT 27647","Education officer, community",Norman-Ruiz,love.net
Timothy Jimenez,"702 Connie Loop
East Charlesport, IL 57743","Administrator, Civil Service",Anderson Ltd,allen.com
Kayla Randall,"82311 Wallace Causeway
Aaronmouth, IL 05670",Soil scientist,Castro PLC,smith.org
Mr. Gregory Forbes,"37762 Denise Plains Apt. 463
South Brian, OK 00501",Ambulance person,Schmidt-Barker,freeman.net
Michael Perry,"68633 Smith Ridges Apt. 348
South Teresaland, CT 79516","Surveyor, rural practice",Stephens-Reid,gentry.com
Cheryl Hughes,"6507 Raven Drives Apt. 040
Russellfort, GU 06557",Manufacturing systems engineer,Hodges-Wilcox,hoffman-roberts.com
Katrina Lopez,"PSC 3724, Box 7676
APO AA 20863",Dancer,Carpenter Group,gomez.org
Tony Jensen,"5351 David Stravenue
West Jasmin, PA 42829",Electrical engineer,Alvarez-Lee,dorsey.com
Michael Fleming,"42958 Hammond Pike Suite 262
Turnermouth, UT 47191",Data scientist,"Bruce, Horn and Collins",vargas-jackson.com
Susan Mendez,"38984 Cameron Crossing
Port Samuel, NH 03467",Biomedical engineer,"Carney, Castillo and Hanson",zavala.com
Mr. Christopher Richardson III,"Unit 6965 Box 3849
DPO AA 42267","Psychologist, counselling","Gutierrez, Orozco and King",fitzpatrick.info
Gary Gray,"819 Tanya Parkway Suite 516
Dennishaven, IL 66782",Structural engineer,"Velazquez, Herrera and Torres",long.com
Jeffrey Ferrell,"57392 Davis Cliff Apt. 974
Houseton, ND 58219",Education administrator,"Villegas, White and Knight",anderson.com
Angela Stewart,"97505 Claudia Divide
Jacksonshire, CT 74823",Exercise physiologist,Henry LLC,bradshaw.org
Ricardo Eaton,"91402 Gray Branch
South Nicholas, AR 54509","Pharmacist, community",Griffin Ltd,gonzalez.com
Robert Macias,"58278 Daniel Path Apt. 520
Jonathanview, LA 88386","Scientist, research (medical)",Osborn-Mcdonald,brown.com
Anna Nichols,"454 Green Lodge
North Sarahhaven, TX 19982",Investment analyst,Summers Inc,jones.com
Lisa Cherry,"1590 Travis Pass Apt. 761
New Nicoleburgh, WY 62142","Designer, exhibition/display","Harris, Smith and Farmer",pacheco-martin.org
Ricardo Warner,"26076 Wood Park Apt. 443
Lake Danielside, MI 49973",Database administrator,Vega-Holloway,smith.com
Aaron Walker,"9656 Murillo Pike
Montgomerymouth, LA 22644",Mining engineer,Houston-Duncan,vargas-turner.org
Tina Watson,"22282 Hernandez Knolls Suite 604
Phillipville, MI 02404",Immunologist,Hoffman PLC,harrison.com
Jordan Burton,"4611 Marilyn Fork Suite 073
Yvetteview, NV 92166",Gaffer,"Wade, Ward and Morales",smith.com
Eric Johnson,"11961 Melissa Lights Apt. 632
South Alexisfurt, PA 20989",Energy manager,Morales-Mcguire,wright.com
Kim Jones,"162 Edward Rapids Apt. 699
Johnville, AR 95039",Holiday representative,"Smith, Mcgee and Walker",russell.com
Gary Long,"2290 Courtney Cape
Ariaschester, UT 12745",Community education officer,Arellano LLC,horne.com
Kimberly Meyer,"873 Andrea Drives
East Phillipmouth, VT 13528","Optician, dispensing",Gardner LLC,howard.com
Aaron Cox,"83108 Connie Loaf
Port Anthony, FL 28865",Landscape architect,"Ferguson, Thomas and Jensen",hernandez.com
Harold Bennett,"Unit 4494 Box 1157
DPO AE 62890","Engineer, technical sales",Ellis-Santos,curtis-castro.com
Dr. John Clark,"USS Bond
FPO AA 84378",Midwife,"Thompson, Wright and Martin",hall.com
Michael Davis,"42045 Colton Crossing
Lake Rebecca, ND 97363",Data processing manager,Gibson Ltd,hester.com
Kimberly Burns,"392 Kevin Creek
Port Marcusfurt, CT 14647",Technical brewer,"Stephenson, Ruiz and Morgan",walker.biz
Taylor Porter,"8970 Ashley Garden Suite 723
Suzanneton, AK 83527",Chief Operating Officer,Bass Group,anderson-hawkins.com
Jerry White,"1901 Boyd Fall
Kaylaview, CA 55052","Surveyor, land/geomatics","Kelly, Grimes and Richards",hamilton-west.com
George Russell,"812 Susan Common Suite 377
Wellsberg, WY 42232",Medical sales representative,Gonzalez-Freeman,perez.com
Anthony Martinez,"201 Bean Stravenue
East Robertside, NH 20455",Industrial/product designer,"Estes, Jenkins and Erickson",kane.com
Jose Medina,"6145 Virginia Valleys Suite 197
South Daniel, LA 56076",Personnel officer,Campbell-Kelley,campos.com
Pamela Charles,"USNS Duarte
FPO AA 18715",Writer,Merritt-Chang,rogers.info
Johnathan Vasquez,"53194 Robinson Cliffs Suite 979
Lake Katie, AK 03937",Child psychotherapist,Arnold Ltd,walker-mcclain.com
Jason Romero,"719 Andrea Spurs Apt. 095
Andrewbury, KY 71242",Product/process development scientist,Cowan-Smith,simmons.info
Sandra Freeman,"42021 Heather Camp
Garciamouth, MA 57416",Pharmacologist,"Smith, Rodriguez and Brown",bentley-scott.com
Paul Stevens,"22796 Steven Burg Suite 731
East Hectorside, KY 13834",Computer games developer,"Young, Good and Holmes",lynch.org
Meagan Jones,"248 Shawn Dale Suite 624
Amyside, HI 87828",Information systems manager,"Curtis, Jenkins and Rodriguez",simpson.com
Hayley Pearson,"79348 Molly Cliff
Jamesfurt, MT 57097","Geologist, engineering",Wright Group,fernandez-jones.net
Kristi Smith,"14692 Robert Meadows Apt. 332
Spencerland, VA 61054",Mudlogger,Thompson LLC,collins-hurst.com
Kenneth Wade,"381 Brittney River Apt. 621
East Tanner, TX 35573",Location manager,Palmer PLC,gonzales-weber.biz
Katherine Williams,"759 Jacobson Court
North Michael, AR 84412","Engineer, control and instrumentation",Bryant and Sons,evans.com
Brian Price,"9525 Jimenez Cove
New Christina, SD 60852",Academic librarian,Stone-Fernandez,ho.net
Alicia Kim,"3912 Townsend Brooks Apt. 843
New Jameston, VI 83944",Theatre manager,"Watts, Spears and Smith",diaz.org
Victoria Gardner,"247 Zachary Parks Suite 005
North Monica, NY 34006",Corporate investment banker,"Kramer, Gomez and Lozano",anderson.com
Chad Fields,"80211 Montgomery Lodge
New Kristenfurt, KY 06230",Historic buildings inspector/conservation officer,Cantu Ltd,wells.com
Donna Johnson,"668 Jamie Ville
Port Jacob, NC 46386",Medical technical officer,"Manning, Mcdaniel and Haney",stein.info
Emily Moon,"3742 Graves Hills
Port Crystal, MI 66713",Medical illustrator,Curry Group,miller.com
Steven Berg,"8779 Carter Loaf
Erinborough, ME 71485","Social research officer, government",Rose-Olson,miller-beck.com
Robert Chavez,"97792 Steele Islands Suite 073
Gordonburgh, MA 77874",Police officer,Moore-Knight,green.biz
Caroline Williams,"84348 Perez Port Suite 375
Lowerymouth, AS 35280",Environmental consultant,Hanson-Lin,arroyo.com
Samantha Stevenson,"3472 Moore Gardens Suite 985
New Natasha, FM 07072","Doctor, hospital",Morrison LLC,kelly.biz
Susan Cowan,"353 Olson Roads
Johnside, SC 70142",Art gallery manager,Pratt Group,mcdaniel-rice.com
Karen Carroll,"263 Davenport Port Suite 593
East Kimberlytown, MN 75070",IT sales professional,Hopkins-Berger,garcia.com
Natalie Brown,"3645 Jessica Ranch
Nathanville, AR 94359",Marketing executive,Price-Schultz,adams.biz
Jonathan Huffman,"0516 Mccoy Ford Apt. 058
Sanchezside, WA 87724",Cartographer,"Hernandez, Smith and Spears",watson-thomas.biz
Nicholas Brown,"0982 Sara Lodge
Clarkland, PW 01123","Conservator, furniture","White, Baker and Reilly",zavala.com
Jonathan Yates,"771 Caldwell Well
Rodriguezton, MP 72158",Web designer,"Medina, Kirby and Irwin",stanley.info
Jerome Baker,"2784 Rangel Lock
West Scottland, VI 56531",Personnel officer,Alvarez LLC,lewis.com
Kaylee Ellis,"241 Alicia Parkways Suite 972
Dianafurt, WV 98444",Computer games developer,"Gill, Huffman and Contreras",kim.com
Diamond Jones,"041 Sandra Manors
Stanleyton, NE 27467",Learning mentor,"Frazier, Carter and Harris",mcmahon.com
Cody Johnson,"01615 Nicole Ways
East Ravenville, AL 43994",Insurance account manager,Benton-Davis,chavez.com
Ryan Pope,"8849 Miller Parkways
Stewarttown, DE 53524","Engineer, manufacturing",Blair Ltd,wiggins-martinez.info
Katie George,"187 Morgan Passage
New Tinafurt, VI 62701",Building services engineer,Carr-Mcgrath,cohen-duke.com
Sandra Johnson,"481 Shari Divide
Deleonland, NH 12722",Commercial/residential surveyor,Davis-Turner,larson.org
Jeremy Rogers,"552 Perry Forks Apt. 647
North Eileenshire, MP 42405","Development worker, international aid",Quinn LLC,burton.biz
Sheila Brown,"51997 Vega Crossing
North Markberg, TX 34477",Field seismologist,"Frazier, Brown and Thompson",brown.info
Holly Ramirez,"34059 Castillo Skyway
Williamsfurt, CO 93645",Telecommunications researcher,Sanchez-Roy,wilson.net
Jasmine Galvan,"74099 Chavez Trail
New Matthewstad, WY 62669",Engineering geologist,"Bean, Ward and Alvarez",johnson.com
Paula Burns,"53909 Melissa Parks Apt. 366
Port Cynthia, WV 67024",Actor,Foster-Phillips,hutchinson.org
Eugene Sampson,"174 Harvey Field
North Ryan, PW 06359",Glass blower/designer,"Scott, Hill and Maddox",webb-gardner.org
Chad Russell,"127 Reginald Lake
Port Johnville, MI 45646","Production designer, theatre/television/film",Scott Group,gonzalez.net
Crystal Rhodes,"7651 Diane Hill Apt. 325
East Dawnmouth, IA 84860",Call centre manager,Anderson Group,patterson.biz
Bailey Allen,"85561 Reynolds Trail Apt. 504
Lake James, MO 45384",Insurance broker,Alvarez Group,richardson-brock.net
Kimberly Simmons,"871 Diane Rapids Apt. 239
Alishachester, AZ 43889",Arts administrator,Hall Inc,hansen.org
Jacqueline Weeks,"69586 Gonzalez Stravenue Apt. 660
North Michelleville, RI 85206",Haematologist,"Miranda, Howard and Mays",hurst.com
Jose Woods,"5495 Chavez Light Apt. 406
Garciaburgh, WY 89261",Clinical psychologist,Ray-Goodwin,anderson.com
Tracy Cole,"96078 Parker Path
Smithland, MH 71085",Neurosurgeon,Byrd PLC,mcdaniel.com
Brandon Berry,"3466 Ellison Tunnel Suite 742
Hawkinsfort, GA 90348",Scientific laboratory technician,Oliver Ltd,benson.com
Dustin Garcia,"1342 Denise Divide
Floreshaven, MS 85375",Animator,"Fuller, Maldonado and Hebert",donovan.com
Thomas Allen,"599 Wendy Brook
East Rebecca, OR 80379",Games developer,"Wheeler, Williams and Freeman",brown-smith.info
David Graham,"950 Krystal Isle
South Melissatown, AR 71110",Financial planner,Lara Ltd,molina-lee.biz
Timothy Hall,"75219 Troy Knolls
East Lee, AK 72790",Agricultural consultant,"Brooks, Moody and Johnson",smith.com
Janice Thomas,"01647 Graves Land
Hodgeland, MP 10876","Education officer, community","Ross, Gonzalez and Taylor",mack.com
Justin Lindsey,"116 Jones Village Apt. 785
Stephensstad, MH 15489",Therapeutic radiographer,Fuller-Miller,hancock-woodward.org
Daniel Anderson,"1887 Davis Isle Suite 117
East Michael, LA 85828","Therapist, speech and language",Taylor Inc,henry.com
Alexandra Stevens,"429 Adam Corners Apt. 084
Lake Andrewmouth, OH 95173",Health and safety inspector,Olson-Bennett,nguyen.org
Cynthia Velez,"6568 Lori Squares
West Anthonybury, WY 63946",IT consultant,Drake Ltd,ortega.com
Erik Harrison,"08614 Davis Ports
Nathanielfurt, FL 58872",Chartered accountant,Smith Group,thomas.com
Judith Harris,"183 Morris Expressway
West Christianside, DC 58509",Corporate treasurer,"Becker, Stein and Woodard",erickson.com
Zachary Moore,"7811 Lisa Springs
Port Travisville, FL 83271","Producer, radio","Davidson, Martinez and Schwartz",mathis.com
Steven Gallegos,"6806 Johnson Skyway
West Andrewtown, HI 14631",Clinical research associate,"Huynh, Schwartz and Rios",wilson-horton.com
Michael Sims,"6362 Alejandro Dam
Port Lauraville, NH 32986",Teaching laboratory technician,"Khan, Garcia and Gross",johnson.org
Dr. Bradley Obrien,"4637 Taylor Overpass Apt. 407
Jamesport, MI 16561","Geologist, wellsite",Woods Inc,moss.org
Kathryn Thompson,"79180 Santiago Rue Apt. 997
Rodgersland, MO 48493","Conservation officer, historic buildings","Young, Kennedy and Wilson",mclaughlin-james.com
Mary Brown,"81673 William Views
Markside, MA 90924",Brewing technologist,Burgess PLC,howard-miller.com
Alyssa Trujillo,"4117 Angela Station Apt. 743
Toddberg, AL 77814",Warehouse manager,"Warren, Harrington and York",white.com
Terry Boyd,"Unit 3016 Box 4614
DPO AE 46817",Television camera operator,"Willis, Brown and Wheeler",bell-hicks.com
Virginia Carter,"29622 Lindsay Circles Suite 635
West Michael, KS 93959",Housing manager/officer,"Baxter, Holmes and Hill",thompson.com
Monica Mcgrath,"6283 Farley Light
East Dwayne, GA 93994",Chief of Staff,"Ware, Henry and Parker",holmes.info
Matthew Schmidt DVM,"09588 Katherine Stream
Garciahaven, FL 39546","Scientist, research (medical)",Schroeder Ltd,rivera.biz
Melinda Wagner,"9227 Donna Village
East Brandontown, WI 04815",Commissioning editor,"Chambers, Costa and Jones",bridges-hampton.biz
Jody Nguyen,"424 Nicole Burgs Apt. 234
Schultzburgh, FM 54006",Stage manager,Johnson-Washington,ho.com
Melissa Jones,"13347 Pace Throughway
South Savannahland, CT 36382",Oncologist,Turner-Kerr,walsh.biz
Christopher Smith,"7357 Sosa Branch Suite 922
West Josephview, PR 05472",Cytogeneticist,"Davis, Smith and Ryan",riley-roberson.com
Craig Taylor,"0475 Carol Oval
Rodriguezton, OH 01490","Designer, exhibition/display","Welch, Stark and Eaton",jacobs.com
Nicole Bennett,"4001 Johnson Extension Suite 181
Jonesland, AZ 74369",Medical sales representative,Campbell-Dixon,williams-johnson.com
Tracy Mcclure,"72389 Mikayla Squares Apt. 467
Lake Lauraside, WV 22238",Animator,"Murphy, Lynch and Fuller",lozano.com
Amanda Watson,"USNS Franklin
FPO AP 25457",Local government officer,Henderson-Hahn,joyce.info
Cody Allen,"77591 Hancock Trail
East Brucemouth, AL 25215",Learning disability nurse,"Rodriguez, Hernandez and Wright",perry.com
Susan Hartman,"9252 Rogers Isle Suite 318
New Zacharyshire, CA 86067","Psychologist, counselling","Sanchez, Petty and Stanley",frank-johnson.com
Carlos Kelly,"PSC 5893, Box 5818
APO AA 42080","Clinical scientist, histocompatibility and immunogenetics",Giles-Cowan,byrd.com
Gilbert Burnett,"7829 Stephen Path
South Christopherville, MS 89477",Automotive engineer,"Hamilton, Olsen and Salazar",ward.com
Kyle Clark,"77711 Jennifer Court Apt. 156
Martinfort, NM 57462",Public affairs consultant,Perez-Carroll,gonzalez.net
Ashley Melendez,"32861 Everett Shoals Apt. 494
Davenportmouth, TX 26724",Proofreader,"Johnson, Ray and Schmidt",garcia-jackson.info
Samantha Hill,"Unit 1949 Box 2850
DPO AP 39894",Counselling psychologist,"Williams, Cook and Mitchell",smith.org
Jean Gibbs PhD,"Unit 1346 Box 2301
DPO AA 39214",Regulatory affairs officer,Davis Group,owens.com
Joseph Deleon,"PSC 9187, Box 4197
APO AP 99685","Surveyor, planning and development",Morse-Perez,mckay-anderson.com
Christopher Perez,"0738 Matthew Union
Lake Robert, SC 27256",Armed forces technical officer,Scott LLC,rice.com
Emily Miller,"736 Hayden Keys
Lake Brenda, PA 18319",Advertising account executive,Reynolds-Kerr,harris.com
Anna Hernandez,"4418 Shannon Street
Moralesville, ME 18352",Clinical cytogeneticist,Johnson LLC,johnson.com
Catherine Caldwell,"47254 Brittany Village Apt. 521
East Stacyview, TX 39376",Glass blower/designer,"Ortega, Hill and Walters",rodriguez-lam.com
Brian Alvarado,"161 Gomez Centers Apt. 348
Donnaview, AL 12905",Retail merchandiser,"King, Wilson and Cruz",hubbard.com
Christine Kelley,"337 Jones Club Suite 989
West Deniseshire, NH 45901",IT sales professional,"Ramirez, Hayes and Swanson",bridges.net
John Johnson,"05740 Johnson Canyon Suite 354
Fullerport, MP 32359","Engineer, drilling",Fleming LLC,ware.com
Dr. Donald Alexander DVM,"815 Miller Port Apt. 522
North Jason, KS 33356",Interpreter,Clark Group,miller.info
Jessica Butler,"Unit 6660 Box 8204
DPO AE 30928",Chartered management accountant,Kennedy Inc,rivera-brown.biz
Seth Pope,"985 Justin Via
South Samuelmouth, RI 28962",Physiological scientist,Gomez Inc,owen.com
Michael Weaver,"692 Nichols Cove
Jessicaside, MA 90877",Plant breeder/geneticist,"Lucero, Collins and Mcclain",pena.info
Jeffery Byrd,"USCGC Dodson
FPO AP 43691",Music therapist,"Mendez, Yang and Parsons",house.biz
Christopher Morris,"72810 Foster Walk
West Thomas, OK 98939",Quarry manager,Harris-Lewis,rodriguez.com
Paul Hughes,"6015 Ruiz Drive Suite 435
Carrland, OK 02545",Retail manager,Sandoval LLC,richards.com
Emily Brown,"6424 Teresa Viaduct
South Kennethburgh, OH 22044",Forest/woodland manager,"Castro, Patrick and Schwartz",green.com
Jessica Cooke,"1114 Miller Village
East Evelynmouth, NV 19031","Radiographer, therapeutic",Good Ltd,york.net
Marcia Chavez,"64799 Amy Rest
West Christopherburgh, MH 55228",Sales promotion account executive,Lara-Key,williams.com
Daniel Brown,"073 Williams Lane
Phillipsstad, IN 68087",Analytical chemist,Bell LLC,ferguson.com
Richard Smith,"83830 Baker Forks
New Julian, DC 52602","Sales professional, IT","Reynolds, Green and Gonzales",kim.com
Briana Gillespie,"403 Christina Street Suite 624
Shawnstad, AS 67317","Psychotherapist, dance movement",Carter LLC,hayden.com
Jill Meyer,"988 Joseph Pass Apt. 676
Calvinfort, VT 62009",Television/film/video producer,Crane-Fisher,kelly-wilkinson.com
Jessica Mccoy,"57095 Garcia Shores
North Jessica, VI 61939",Fine artist,Stout-Duarte,ward-vaughn.net
Ashley Baker,"1185 Harris Station Apt. 352
East Tiffanyview, KY 61037",Outdoor activities/education manager,"Flynn, Olsen and Hendrix",horton.net
Christopher Gallegos,"797 Jackson Plains Suite 638
New Kimberly, PA 48319",Technical sales engineer,Andrews-Turner,harris.info
Luis Stevens,"Unit 3743 Box 5482
DPO AP 34028",Contracting civil engineer,Hensley Group,foster-wright.com
Carly Serrano,"206 Alicia Forest Apt. 501
North Heather, SD 50229",Social worker,"Franklin, Berry and Jennings",cunningham-mendez.biz
Jodi Brown,"438 Higgins Dale Suite 551
Brianville, NC 97166",Educational psychologist,Riley-Greene,miller-harris.com
Mrs. Lori Smith,"7398 Smith Roads Suite 667
Port Miguel, OH 41972",Phytotherapist,"Farley, Roberts and White",baker.org
Katie Vega,"USNV Munoz
FPO AA 29122",Advertising art director,"Jackson, Brown and Russell",anderson.com
Patrick Harris,"Unit 5449 Box 2023
DPO AP 55303","Scientist, biomedical",Beck PLC,alvarez.com
Maria Chambers,"USNS Kim
FPO AE 35353","Surveyor, rural practice","Williams, Matthews and Woodard",spencer-lane.net
Lisa Rosales,"441 Chapman Trail
South Ericview, NE 88369",Planning and development surveyor,Williams-Booker,barnes.com
Kristi Day,"8750 Lisa Landing
Jayshire, AR 40330","Librarian, public",Williams-Pope,roberts.com
Rachel Flowers,"49946 William Point
Emilyville, NE 88844",Senior tax professional/tax inspector,Bauer Ltd,butler.biz
Gregory Tucker,"Unit 8212 Box 9753
DPO AP 88670",Best boy,"Melendez, Chambers and Wright",skinner.biz
Amanda Anderson,"6254 Jackson Stream
West Lisa, PR 02152",Holiday representative,Robles PLC,lozano.com
Jerry Olsen,"824 William Trail
Harrisport, FL 29295","Teacher, special educational needs",Boone-Oliver,pham-green.com
Andrew Evans,"9331 Stephanie Knolls Apt. 340
East Andrewville, MH 59191",Newspaper journalist,Owens-Garcia,smith.com
James Bradford,"4821 Adrienne Groves Suite 323
Arthurfort, CO 19382",Fitness centre manager,Simpson-Cox,cervantes-rowland.com
Kathy Huang,"342 John Lake
South Timothystad, AL 04512","Therapist, art","Obrien, Burns and Jacobs",wang.com
Jaime Diaz,"78312 Stephen Streets Suite 015
Stricklandfort, CA 66100",Landscape architect,"Simpson, Jackson and Jackson",rodriguez-benjamin.com
Joann Cruz,"2065 Stevens Rue Apt. 625
Lake Austinshire, GU 14886","Scientist, water quality","Mcfarland, Le and Ewing",cervantes.com
Zachary Cole,"11809 Jerome Greens Apt. 516
Marthastad, MS 29573",Tax inspector,"Bell, Bailey and Clark",garcia-morgan.com
Sharon Holt,"PSC 7894, Box 6759
APO AP 70619",Pensions consultant,"Scott, Gates and Coffey",duran-carter.info
Stephanie Robbins,"8480 Patricia Mall Suite 379
Port Stevefort, NY 38996","Horticulturist, amenity","Harmon, Perez and Holloway",bender.com
Jonathan Castillo,"416 Nathan Mountain Apt. 935
West Davidfurt, GU 62149",Probation officer,"Sherman, Freeman and Torres",bradshaw-moore.com
Monica Christian,"Unit 2209 Box 2854
DPO AA 39733",Amenity horticulturist,"Jordan, Singleton and Jones",perez.net
Lynn Evans,"587 Moore Fork Suite 884
Michaelshire, NM 44809","Biochemist, clinical",Parker-Kelly,medina-garcia.com
Kimberly Barrett,"309 Sellers Fork Suite 342
Taraport, IL 82391",Records manager,"Morris, Mccarthy and May",stein.com
Lisa Reese,"62607 Stephanie Ferry
West Joshua, TX 15562",Pharmacologist,Frank-Johnson,williams-serrano.org
Richard Rivers,"Unit 0634 Box 2371
DPO AE 20804",Astronomer,"Hopkins, Stephens and Alvarado",sutton.com
Edward Thompson,"4521 Johnson Vista Suite 856
Saraton, FL 01397","Librarian, academic",Stewart-Harrison,pratt-woods.com
Steven Hardy,"654 Leslie Ville Apt. 292
Lake Mark, MI 02303",Research scientist (physical sciences),Davis-Raymond,martin.net
Robert Trujillo,"5100 Bennett Squares Suite 389
Latashaville, NH 33608",Community arts worker,Holt-Walker,brown.org
Brandy Bishop,"260 Parrish Dale
Perezside, MD 41965",Television/film/video producer,Jones-Campbell,peck.net
Jason Spencer,"59139 Michael Port Apt. 881
South Derekburgh, MN 44401",Field seismologist,Sims-Gutierrez,wagner-coleman.net
Adrian Butler,"690 Kelly Extensions
West Marilyn, OK 96248",Call centre manager,"Ortiz, Anderson and Carlson",castillo.com
Brandon Wong,"04683 Katie Plaza
Tinahaven, WV 52402",Customer service manager,Spencer LLC,mcintyre.com
Jacqueline Reid,"57890 Kimberly Corner Suite 125
Davidbury, MD 65037",Economist,Velazquez PLC,archer.info
Laura Green,"02998 Contreras Villages Suite 928
Greenshire, SC 87485","Teacher, special educational needs","Gallagher, Mason and Elliott",wilcox-oliver.com
Ronald Gardner,"003 Powell Lock Apt. 668
Lloydville, NE 35820",Illustrator,"Stout, Moore and Martinez",fischer.com
Mark Smith,"9320 Terry Greens
Meltonmouth, MS 74916",Database administrator,Harvey PLC,peterson.com
Sara Scott,"22961 Donald Union Apt. 487
New Theodoremouth, ND 88544",Dentist,Moreno Group,cook.net
Erica Wilkins,"6863 Rebecca Shoals
Barronchester, KY 06590",Geophysical data processor,"Dalton, Buck and Lewis",cox.org
Megan Thomas,"556 Jacobs Terrace Suite 711
Ivanbury, OR 38854",Product/process development scientist,Lopez and Sons,cherry.com
Peter Hernandez,"76381 Jennifer Via
Carrollstad, AL 39802",Health service manager,Wilson-Lopez,wall.org
Paul Smith,"796 Darryl Forks
Deborahberg, DC 07558",Volunteer coordinator,Williams PLC,ramos-glover.com
Christina Baker,"9396 Conrad Valley Suite 501
North Melissaside, PR 54822",Data scientist,Zavala Ltd,wells-haynes.info
Craig Barrett,"249 Rogers Parkway Suite 434
Lawrencestad, MS 31818","Engineer, biomedical",Smith Inc,cooper.com
Shelly Morris,"5236 Leonard Causeway Suite 700
Burtonhaven, MO 30276","Engineer, site",Pope-Yang,miller.com
Karen Heath,"56527 Reed Manor
New Becky, MH 40564",Logistics and distribution manager,"Kirk, Gonzales and Nolan",smith-arroyo.info
Angela Parks,"009 Ray Row Suite 056
Matthewfurt, FM 69195",Psychiatric nurse,Ruiz-Bradford,velez-velez.com
Melissa Henderson,"2322 Angela Junctions Suite 512
Lake Danielleshire, OK 39434","Civil engineer, consulting",Sanchez Inc,vasquez.com
Elizabeth Dudley,"USCGC Young
FPO AE 19483",Public house manager,Hensley-Blevins,chandler.com
Scott Harris,"68062 Timothy Common
Harrisside, VT 08752","Conservator, museum/gallery",Cunningham-Armstrong,jordan.com
Daniel Williams,"153 Kenneth Islands Apt. 298
Shawnland, OR 26510",Cartographer,"Mcgrath, Robles and Morales",anderson.net
Timothy Stevens,"78748 Michael Spurs Apt. 294
West Robert, AK 83842",Regulatory affairs officer,Mccann and Sons,lee-moore.com
Michael Warner,"912 John Corners
Leahville, VT 94913",Data scientist,"Lester, Love and Lewis",smith-white.net
